{
    "mass": 2.0329999774694443,
    "rotational_drag": [
        0,
        0,
        0
    ],
    "translational_drag": [
        0,
        0,
        0
    ],
    "arm_length": 0.1414,
    "frame_inertia": [
        4.5,
        4.5,
        7.0
    ],
    "gravity": [
        0,
        0,
        -9.81
    ],
    "kinv_ang_vel_tau": [
        16.6,
        16.6,
        5.0
    ],
    "inertia": [
        0.324328,
        0.324328,
        0.324328
    ]
}